feature,importance
total_q_ms,0.3071002767064975
q1_ms,0.2762774673113465
q2_ms,0.19526915326747032
q3_ms,0.1416937270689924
round,0.07965937564569338
year,0.0
