segment,n_races,mean_tau
circuit_street,14,0.3981530013424721
circuit_high_speed,17,0.38131135676162087
circuit_hybrid,21,0.48063815576688584
circuit_temp,14,0.4207701965080556
driver_rookie,13,0.36532280142594353
driver_experienced,52,0.48381489169365965
season_start,88,0.38711695160195314
season_mid,132,0.47856431035291275
season_end,88,0.40527984440157727
