model,kendall_tau,tau_ci_lower,tau_ci_upper,brier,ece,rps,logloss
baseline_12D,0.451,0.4140330128530881,0.49039720444745516,0.164,0.015,0.152,5.39
reduced_8D,0.4567766607343187,0.41568304554275615,0.49774668271149364,0.1585276139694348,0.013571730261301988,0.15014431517380922,5.440241087754507
