constructor,total_races,races_with_obs,coverage_pct
alfa_romeo,63,63,95.45454545454545
alpha_tauri,64,64,96.96969696969697
alpine,63,63,95.45454545454545
aston_martin,64,64,96.96969696969697
ferrari,65,65,98.48484848484848
haas,64,64,96.96969696969697
mclaren,64,64,96.96969696969697
mercedes,65,65,98.48484848484848
red_bull,63,63,95.45454545454545
williams,63,63,95.45454545454545
