clipping,logloss
1e-8 (current),1.684005632347403
1e-6 (proposed),1.684005632347403
1e-4,1.684005632347403
