model,kendall_tau,brier,ece,rps,features_removed,delta_tau,delta_brier,delta_ece,delta_rps
baseline,0.451,0.164,0.015,0.152,0,0.0,0.0,0.0,0.0
pruned_light,0.4484908023769473,0.16850714306409917,0.015927975767245618,0.15298658484197036,0,-0.002509197623052739,0.004507143064099162,0.0009279757672456188,0.0009865848419703671
pruned_strict,0.4349004660110609,0.15633991780504305,0.012348501673009197,0.15499264218662404,0,-0.016099533988939096,-0.007660082194956952,-0.002651498326990803,0.0029926421866240394
